<?xml version="1.0" encoding="utf-8" ?>
<dwsync>
<file name="bootstrap.js" server="u189338.ssh.masterhost.ru" local="130924354660000000" remote="130937459720000000" Dst="0" />
<file name="bootstrap.min.js" server="u189338.ssh.masterhost.ru" local="130924354660000000" remote="130937459720000000" Dst="0" />
<file name="classie.js" server="u189338.ssh.masterhost.ru" local="130120237440000000" remote="130937459720000000" Dst="0" />
<file name="jquery.fullPage.min.js" server="u189338.ssh.masterhost.ru" local="130923853540000000" remote="130937459720000000" Dst="0" />
<file name="jquery.introLoader.min.js" server="u189338.ssh.masterhost.ru" local="130924956380000000" remote="130937459720000000" Dst="0" />
<file name="jquery.introLoader.pack.min.js" server="u189338.ssh.masterhost.ru" local="130924956380000000" remote="130937459730000000" Dst="0" />
<file name="jquery.slimscroll.min.js" server="u189338.ssh.masterhost.ru" local="130923853540000000" remote="130937459730000000" Dst="0" />
<file name="modernizr.custom.js" server="u189338.ssh.masterhost.ru" local="130391692980000000" remote="130937459730000000" Dst="0" />
<file name="select2.min.js" server="u189338.ssh.masterhost.ru" local="130917790560000000" remote="130937459730000000" Dst="0" />
<file name="tiltSlider.js" server="u189338.ssh.masterhost.ru" local="130924465062420129" remote="130937459730000000" Dst="0" />
<file name="wow.min.js" server="u189338.ssh.masterhost.ru" local="130845497020000000" remote="130937459730000000" Dst="0" />
<file name="bootstrap.js" server="u189338.ssh.masterhost.ru/art-line-expo.ru/www/temp/" local="130924354660000000" remote="130937465020000000" Dst="0" />
<file name="bootstrap.min.js" server="u189338.ssh.masterhost.ru/art-line-expo.ru/www/temp/" local="130924354660000000" remote="130937465020000000" Dst="0" />
<file name="classie.js" server="u189338.ssh.masterhost.ru/art-line-expo.ru/www/temp/" local="130120237440000000" remote="130937465020000000" Dst="0" />
<file name="jquery.fullPage.min.js" server="u189338.ssh.masterhost.ru/art-line-expo.ru/www/temp/" local="130923853540000000" remote="130937465020000000" Dst="0" />
<file name="jquery.introLoader.min.js" server="u189338.ssh.masterhost.ru/art-line-expo.ru/www/temp/" local="130924956380000000" remote="130937465030000000" Dst="0" />
<file name="jquery.introLoader.pack.min.js" server="u189338.ssh.masterhost.ru/art-line-expo.ru/www/temp/" local="130924956380000000" remote="130937465030000000" Dst="0" />
<file name="jquery.slimscroll.min.js" server="u189338.ssh.masterhost.ru/art-line-expo.ru/www/temp/" local="130923853540000000" remote="130937465030000000" Dst="0" />
<file name="modernizr.custom.js" server="u189338.ssh.masterhost.ru/art-line-expo.ru/www/temp/" local="130391692980000000" remote="130937465030000000" Dst="0" />
<file name="select2.min.js" server="u189338.ssh.masterhost.ru/art-line-expo.ru/www/temp/" local="130917790560000000" remote="130937465030000000" Dst="0" />
<file name="tiltSlider.js" server="u189338.ssh.masterhost.ru/art-line-expo.ru/www/temp/" local="130924465062420129" remote="130937465030000000" Dst="0" />
<file name="wow.min.js" server="u189338.ssh.masterhost.ru/art-line-expo.ru/www/temp/" local="130845497020000000" remote="130937465030000000" Dst="0" />
</dwsync>