<?xml version="1.0" encoding="utf-8" ?>
<dwsync>
<file name="animate.css" server="u189338.ssh.masterhost.ru" local="130845497020000000" remote="130937459630000000" Dst="0" />
<file name="bootstrap-theme.css" server="u189338.ssh.masterhost.ru" local="130924354660000000" remote="130937459640000000" Dst="0" />
<file name="bootstrap-theme.min.css" server="u189338.ssh.masterhost.ru" local="130924354660000000" remote="130937459640000000" Dst="0" />
<file name="bootstrap.css" server="u189338.ssh.masterhost.ru" local="130924354660000000" remote="130937459640000000" Dst="0" />
<file name="bootstrap.min.css" server="u189338.ssh.masterhost.ru" local="130924354660000000" remote="130937459640000000" Dst="0" />
<file name="normalize_style.css" server="u189338.ssh.masterhost.ru" local="130930529133816997" remote="130937459640000000" Dst="0" />
<file name="select2.min.css" server="u189338.ssh.masterhost.ru" local="130927950509268074" remote="130937459640000000" Dst="0" />
<file name="animate.css" server="u189338.ssh.masterhost.ru/art-line-expo.ru/www/temp/" local="130845497020000000" remote="130937464950000000" Dst="0" />
<file name="bootstrap-theme.css" server="u189338.ssh.masterhost.ru/art-line-expo.ru/www/temp/" local="130924354660000000" remote="130937464950000000" Dst="0" />
<file name="bootstrap-theme.min.css" server="u189338.ssh.masterhost.ru/art-line-expo.ru/www/temp/" local="130924354660000000" remote="130937464950000000" Dst="0" />
<file name="bootstrap.css" server="u189338.ssh.masterhost.ru/art-line-expo.ru/www/temp/" local="130924354660000000" remote="130937464950000000" Dst="0" />
<file name="bootstrap.min.css" server="u189338.ssh.masterhost.ru/art-line-expo.ru/www/temp/" local="130924354660000000" remote="130937464950000000" Dst="0" />
<file name="normalize_style.css" server="u189338.ssh.masterhost.ru/art-line-expo.ru/www/temp/" local="130930529133816997" remote="130937464960000000" Dst="0" />
<file name="select2.min.css" server="u189338.ssh.masterhost.ru/art-line-expo.ru/www/temp/" local="130927950509268074" remote="130937464960000000" Dst="0" />
</dwsync>