<?xml version="1.0" encoding="utf-8" ?>
<dwsync>
<file name="bot_fon.jpg" server="u189338.ssh.masterhost.ru" local="130863609623499929" remote="130937459650000000" Dst="0" />
<file name="bot_soc.png" server="u189338.ssh.masterhost.ru" local="130863608155125943" remote="130937459660000000" Dst="0" />
<file name="bus.png" server="u189338.ssh.masterhost.ru" local="130924286493896594" remote="130937459660000000" Dst="0" />
<file name="gruz.png" server="u189338.ssh.masterhost.ru" local="130924286688707737" remote="130937459660000000" Dst="0" />
<file name="keys.jpg" server="u189338.ssh.masterhost.ru" local="130924293412552318" remote="130937459660000000" Dst="0" />
<file name="legko.png" server="u189338.ssh.masterhost.ru" local="130924286279004303" remote="130937459660000000" Dst="0" />
<file name="lines.png" server="u189338.ssh.masterhost.ru" local="130649498520000000" remote="130937459660000000" Dst="0" />
<file name="lodki.png" server="u189338.ssh.masterhost.ru" local="130924287618790934" remote="130937459660000000" Dst="0" />
<file name="logo.png" server="u189338.ssh.masterhost.ru" local="130927804510817440" remote="130937459660000000" Dst="0" />
<file name="logo2.png" server="u189338.ssh.masterhost.ru" local="130909824320000000" remote="130937459670000000" Dst="0" />
<file name="menu.png" server="u189338.ssh.masterhost.ru" local="130909824320000000" remote="130937459670000000" Dst="0" />
<file name="mob_m.jpg" server="u189338.ssh.masterhost.ru" local="130924294590779709" remote="130937459670000000" Dst="0" />
<file name="moto.png" server="u189338.ssh.masterhost.ru" local="130924287218228023" remote="130937459670000000" Dst="0" />
<file name="part1.jpg" server="u189338.ssh.masterhost.ru" local="130924302336162720" remote="130937459670000000" Dst="0" />
<file name="part2.jpg" server="u189338.ssh.masterhost.ru" local="130924302592207365" remote="130937459670000000" Dst="0" />
<file name="part3.jpg" server="u189338.ssh.masterhost.ru" local="130924302772257663" remote="130937459670000000" Dst="0" />
<file name="part4.jpg" server="u189338.ssh.masterhost.ru" local="130924302996710501" remote="130937459680000000" Dst="0" />
<file name="part5.jpg" server="u189338.ssh.masterhost.ru" local="130924303220393295" remote="130937459680000000" Dst="0" />
<file name="part6.jpg" server="u189338.ssh.masterhost.ru" local="130924303428955224" remote="130937459680000000" Dst="0" />
<file name="part7.jpg" server="u189338.ssh.masterhost.ru" local="130924303605175303" remote="130937459680000000" Dst="0" />
<file name="part8.jpg" server="u189338.ssh.masterhost.ru" local="130924303793036048" remote="130937459680000000" Dst="0" />
<file name="part9.jpg" server="u189338.ssh.masterhost.ru" local="130924304181868288" remote="130937459680000000" Dst="0" />
<file name="phon.png" server="u189338.ssh.masterhost.ru" local="130863608667935274" remote="130937459690000000" Dst="0" />
<file name="skorostnaya_doroga.jpg" server="u189338.ssh.masterhost.ru" local="130924428824747453" remote="130937459700000000" Dst="0" />
<file name="spec.png" server="u189338.ssh.masterhost.ru" local="130924287387637713" remote="130937459700000000" Dst="0" />
<file name="spr-icon-dir_norm.png" server="u189338.ssh.masterhost.ru" local="130909824320000000" remote="130937459700000000" Dst="0" />
<file name="spr.png" server="u189338.ssh.masterhost.ru" local="130929829998434854" remote="130937459700000000" Dst="0" />
<file name="sprr.png" server="u189338.ssh.masterhost.ru" local="130919021884120996" remote="130937459700000000" Dst="0" />
<file name="topH.jpg" server="u189338.ssh.masterhost.ru" local="130927803952315496" remote="130937459710000000" Dst="0" />
<file name="bot_fon.jpg" server="u189338.ssh.masterhost.ru/art-line-expo.ru/www/temp/" local="130863609623499929" remote="130937464970000000" Dst="0" />
<file name="bot_soc.png" server="u189338.ssh.masterhost.ru/art-line-expo.ru/www/temp/" local="130863608155125943" remote="130937464970000000" Dst="0" />
<file name="bus.png" server="u189338.ssh.masterhost.ru/art-line-expo.ru/www/temp/" local="130924286493896594" remote="130937464970000000" Dst="0" />
<file name="gruz.png" server="u189338.ssh.masterhost.ru/art-line-expo.ru/www/temp/" local="130924286688707737" remote="130937464970000000" Dst="0" />
<file name="keys.jpg" server="u189338.ssh.masterhost.ru/art-line-expo.ru/www/temp/" local="130924293412552318" remote="130937464970000000" Dst="0" />
<file name="legko.png" server="u189338.ssh.masterhost.ru/art-line-expo.ru/www/temp/" local="130924286279004303" remote="130937464970000000" Dst="0" />
<file name="lines.png" server="u189338.ssh.masterhost.ru/art-line-expo.ru/www/temp/" local="130649498520000000" remote="130937464970000000" Dst="0" />
<file name="lodki.png" server="u189338.ssh.masterhost.ru/art-line-expo.ru/www/temp/" local="130924287618790934" remote="130937464980000000" Dst="0" />
<file name="logo.png" server="u189338.ssh.masterhost.ru/art-line-expo.ru/www/temp/" local="130927804510817440" remote="130937464980000000" Dst="0" />
<file name="logo2.png" server="u189338.ssh.masterhost.ru/art-line-expo.ru/www/temp/" local="130909824320000000" remote="130937464980000000" Dst="0" />
<file name="menu.png" server="u189338.ssh.masterhost.ru/art-line-expo.ru/www/temp/" local="130909824320000000" remote="130937464980000000" Dst="0" />
<file name="mob_m.jpg" server="u189338.ssh.masterhost.ru/art-line-expo.ru/www/temp/" local="130924294590779709" remote="130937464980000000" Dst="0" />
<file name="moto.png" server="u189338.ssh.masterhost.ru/art-line-expo.ru/www/temp/" local="130924287218228023" remote="130937464980000000" Dst="0" />
<file name="part1.jpg" server="u189338.ssh.masterhost.ru/art-line-expo.ru/www/temp/" local="130924302336162720" remote="130937464980000000" Dst="0" />
<file name="part2.jpg" server="u189338.ssh.masterhost.ru/art-line-expo.ru/www/temp/" local="130924302592207365" remote="130937464990000000" Dst="0" />
<file name="part3.jpg" server="u189338.ssh.masterhost.ru/art-line-expo.ru/www/temp/" local="130924302772257663" remote="130937464990000000" Dst="0" />
<file name="part4.jpg" server="u189338.ssh.masterhost.ru/art-line-expo.ru/www/temp/" local="130924302996710501" remote="130937464990000000" Dst="0" />
<file name="part5.jpg" server="u189338.ssh.masterhost.ru/art-line-expo.ru/www/temp/" local="130924303220393295" remote="130937464990000000" Dst="0" />
<file name="part6.jpg" server="u189338.ssh.masterhost.ru/art-line-expo.ru/www/temp/" local="130924303428955224" remote="130937464990000000" Dst="0" />
<file name="part7.jpg" server="u189338.ssh.masterhost.ru/art-line-expo.ru/www/temp/" local="130924303605175303" remote="130937464990000000" Dst="0" />
<file name="part8.jpg" server="u189338.ssh.masterhost.ru/art-line-expo.ru/www/temp/" local="130924303793036048" remote="130937464990000000" Dst="0" />
<file name="part9.jpg" server="u189338.ssh.masterhost.ru/art-line-expo.ru/www/temp/" local="130924304181868288" remote="130937465000000000" Dst="0" />
<file name="phon.png" server="u189338.ssh.masterhost.ru/art-line-expo.ru/www/temp/" local="130863608667935274" remote="130937465000000000" Dst="0" />
<file name="skorostnaya_doroga.jpg" server="u189338.ssh.masterhost.ru/art-line-expo.ru/www/temp/" local="130924428824747453" remote="130937465000000000" Dst="0" />
<file name="spec.png" server="u189338.ssh.masterhost.ru/art-line-expo.ru/www/temp/" local="130924287387637713" remote="130937465000000000" Dst="0" />
<file name="spr-icon-dir_norm.png" server="u189338.ssh.masterhost.ru/art-line-expo.ru/www/temp/" local="130909824320000000" remote="130937465010000000" Dst="0" />
<file name="spr.png" server="u189338.ssh.masterhost.ru/art-line-expo.ru/www/temp/" local="130929829998434854" remote="130937465010000000" Dst="0" />
<file name="sprr.png" server="u189338.ssh.masterhost.ru/art-line-expo.ru/www/temp/" local="130919021884120996" remote="130937465010000000" Dst="0" />
<file name="topH.jpg" server="u189338.ssh.masterhost.ru/art-line-expo.ru/www/temp/" local="130927803952315496" remote="130937465010000000" Dst="0" />
</dwsync>